Type,Distillery,Updated
Single Malt,Aberfeldy,2018-12-10 10:43:10.325487
Single Malt,Aberlour,2018-12-10 10:43:10.325487
Single Malt,Ailsa Bay,2018-12-10 10:43:10.325487
Single Malt,Allt A Bhainne ,2018-12-10 10:43:10.325487
Single Malt,AnCnoc,2018-12-10 10:43:10.325487
Single Malt,Ardbeg,2018-12-10 10:43:10.325487
Single Malt,Ardmore,2018-12-10 10:43:10.325487
Single Malt,Ardnamuchan,2018-12-10 10:43:10.325487
Single Malt,Arran,2018-12-10 10:43:10.325487
Single Malt,Auchentoshan,2018-12-10 10:43:10.325487
Single Malt,Auchroisk,2018-12-10 10:43:10.325487
Single Malt,Aultmore,2018-12-10 10:43:10.325487
Single Malt,Balblair,2018-12-10 10:43:10.325487
Single Malt,Ballechin,2018-12-10 10:43:10.325487
Single Malt,Balmenach,2018-12-10 10:43:10.325487
Single Malt,Balvenie,2018-12-10 10:43:10.325487
Single Malt,Banff,2018-12-10 10:43:10.325487
Single Malt,Ben Nevis,2018-12-10 10:43:10.325487
Single Malt,Ben Wyvis,2018-12-10 10:43:10.325487
Single Malt,Benriach,2018-12-10 10:43:10.325487
Single Malt,Benrinnes,2018-12-10 10:43:10.325487
Single Malt,Benromach,2018-12-10 10:43:10.325487
Single Malt,Bladnoch,2018-12-10 10:43:10.325487
Single Malt,Blair Athol,2018-12-10 10:43:10.325487
Single Malt,Bowmore,2018-12-10 10:43:10.325487
Single Malt,Braes of Glenlivet (Braeval),2018-12-10 10:43:10.325487
Single Malt,Brora,2018-12-10 10:43:10.325487
Single Malt,Bruichladdich,2018-12-10 10:43:10.325487
Single Malt,Bunnahabhain,2018-12-10 10:43:10.325487
Single Malt,Bunnahabhain Moine,2018-12-10 10:43:10.325487
Single Malt,Caol Ila,2018-12-10 10:43:10.325487
Single Malt,Caperdonich,2018-12-10 10:43:10.325487
Single Malt,Cardhu,2018-12-10 10:43:10.325487
Single Malt,Clynelish ,2018-12-10 10:43:10.325487
Single Malt,Coleburn,2018-12-10 10:43:10.325487
Single Malt,Convalmore,2018-12-10 10:43:10.325487
Single Malt,Corriemhor,2018-12-10 10:43:10.325487
Single Malt,Cragganmore,2018-12-10 10:43:10.325487
Single Malt,Craigduff,2018-12-10 10:43:10.325487
Single Malt,Craigellachie,2018-12-10 10:43:10.325487
Single Malt,Croftengea,2018-12-10 10:43:10.325487
Single Malt,Dailuaine,2018-12-10 10:43:10.325487
Single Malt,Dallas Dhu,2018-12-10 10:43:10.325487
Single Malt,Dalmore ,2018-12-10 10:43:10.325487
Single Malt,Dalwhinnie,2018-12-10 10:43:10.325487
Single Malt,Deanston,2018-12-10 10:43:10.325487
Single Malt,Deveron,2018-12-10 10:43:10.325487
Single Malt,Dufftown,2018-12-10 10:43:10.325487
Single Malt,Dunglass,2018-12-10 10:43:10.325487
Single Malt,Edradour,2018-12-10 10:43:10.325487
Single Malt,Fettercairn,2018-12-10 10:43:10.325487
Single Malt,Finlaggan,2018-12-10 10:43:10.325487
Single Malt,Glen Albyn,2018-12-10 10:43:10.325487
Single Malt,Glen Deveron,2018-12-10 10:43:10.325487
Single Malt,Glen Elgin,2018-12-10 10:43:10.325487
Single Malt,Glen Flagler,2018-12-10 10:43:10.325487
Single Malt,Glen Garioch,2018-12-10 10:43:10.325487
Single Malt,Glen Grant,2018-12-10 10:43:10.325487
Single Malt,Glen Keith ,2018-12-10 10:43:10.325487
Single Malt,Glen Mhor ,2018-12-10 10:43:10.325487
Single Malt,Glen Moray,2018-12-10 10:43:10.325487
Single Malt,Glen Ord,2018-12-10 10:43:10.325487
Single Malt,Glen Scotia,2018-12-10 10:43:10.325487
Single Malt,Glen Spey,2018-12-10 10:43:10.325487
Single Malt,Glenallachie,2018-12-10 10:43:10.325487
Single Malt,Glenburgie,2018-12-10 10:43:10.325487
Single Malt,Glencadam,2018-12-10 10:43:10.325487
Single Malt,Glencraig,2018-12-10 10:43:10.325487
Single Malt,Glendronach,2018-12-10 10:43:10.325487
Single Malt,Glendullan,2018-12-10 10:43:10.325487
Single Malt,Glenesk ,2018-12-10 10:43:10.325487
Single Malt,Glenfarclas,2018-12-10 10:43:10.325487
Single Malt,Glenfiddich,2018-12-10 10:43:10.325487
Single Malt,Glenfyne,2018-12-10 10:43:10.325487
Single Malt,Glenglassaugh,2018-12-10 10:43:10.325487
Single Malt,Glengoyne,2018-12-10 10:43:10.325487
Single Malt,Glenisla,2018-12-10 10:43:10.325487
Single Malt,Glenkinchie,2018-12-10 10:43:10.325487
Single Malt,Glenlivet,2018-12-10 10:43:10.325487
Single Malt,Glenlochy ,2018-12-10 10:43:10.325487
Single Malt,Glenlossie,2018-12-10 10:43:10.325487
Single Malt,Glenmorangie,2018-12-10 10:43:10.325487
Single Malt,Glenrothes,2018-12-10 10:43:10.325487
Single Malt,Glentauchers,2018-12-10 10:43:10.325487
Single Malt,Glenturret,2018-12-10 10:43:10.325487
Single Malt,Glenugie,2018-12-10 10:43:10.325487
Single Malt,Glenury Royal,2018-12-10 10:43:10.325487
Single Malt,Hazelburn,2018-12-10 10:43:10.325487
Single Malt,Highland Harvest,2018-12-10 10:43:10.325487
Single Malt,Highland Park,2018-12-10 10:43:10.325487
Single Malt,Hillside,2018-12-10 10:43:10.325487
Single Malt,Ileach,2018-12-10 10:43:10.325487
Single Malt,Imperial,2018-12-10 10:43:10.325487
Single Malt,Inchgower,2018-12-10 10:43:10.325487
Single Malt,Inchmoan,2018-12-10 10:43:10.325487
Single Malt,Inchmurrin ,2018-12-10 10:43:10.325487
Single Malt,Inverleven,2018-12-10 10:43:10.325487
Single Malt,Jura,2018-12-10 10:43:10.325487
Single Malt,Kilchoman ,2018-12-10 10:43:10.325487
Single Malt,Kilkerran,2018-12-10 10:43:10.325487
Single Malt,Kinclaith,2018-12-10 10:43:10.325487
Single Malt,Kingsbarns,2018-12-10 10:43:10.325487
Single Malt,Kininvie,2018-12-10 10:43:10.325487
Single Malt,Knockando,2018-12-10 10:43:10.325487
Single Malt,Ladyburn,2018-12-10 10:43:10.325487
Single Malt,Lagavulin,2018-12-10 10:43:10.325487
Single Malt,Laphroaig,2018-12-10 10:43:10.325487
Single Malt,Ledaig ,2018-12-10 10:43:10.325487
Single Malt,Linkwood,2018-12-10 10:43:10.325487
Single Malt,Linlithgow,2018-12-10 10:43:10.325487
Single Malt,Littlemill,2018-12-10 10:43:10.325487
Single Malt,Loch Lomond,2018-12-10 10:43:10.325487
Single Malt,Lochindaal,2018-12-10 10:43:10.325487
Single Malt,Lochside,2018-12-10 10:43:10.325487
Single Malt,Longmorn,2018-12-10 10:43:10.325487
Single Malt,Longrow,2018-12-10 10:43:10.325487
Single Malt,Macallan,2018-12-10 10:43:10.325487
Single Malt,Macduff,2018-12-10 10:43:10.325487
Single Malt,Macphail's,2018-12-10 10:43:10.325487
Single Malt,Mannochmore,2018-12-10 10:43:10.325487
Single Malt,Millburn ,2018-12-10 10:43:10.325487
Single Malt,Miltonduff,2018-12-10 10:43:10.325487
Single Malt,Mortlach,2018-12-10 10:43:10.325487
Single Malt,Mosstowie,2018-12-10 10:43:10.325487
Single Malt,North Port (Brechin),2018-12-10 10:43:10.325487
Single Malt,Oban,2018-12-10 10:43:10.325487
Single Malt,Octomore,2018-12-10 10:43:10.325487
Single Malt,Old Ballantruan,2018-12-10 10:43:10.325487
Single Malt,Old Elgin,2018-12-10 10:43:10.325487
Single Malt,Old Pulteney,2018-12-10 10:43:10.325487
Single Malt,Pittyvaich,2018-12-10 10:43:10.325487
Single Malt,Port Askaig,2018-12-10 10:43:10.325487
Single Malt,Port Charlotte,2018-12-10 10:43:10.325487
Single Malt,Port Ellen,2018-12-10 10:43:10.325487
Single Malt,Pride of Strathspey,2018-12-10 10:43:10.325487
Single Malt,Rosebank,2018-12-10 10:43:10.325487
Single Malt,Royal Brackla,2018-12-10 10:43:10.325487
Single Malt,Royal Lochnagar,2018-12-10 10:43:10.325487
Single Malt,Scapa,2018-12-10 10:43:10.325487
Single Malt,Singleton of Dufftown,2018-12-10 10:43:10.325487
Single Malt,Smokehead ,2018-12-10 10:43:10.325487
Single Malt,Speyburn,2018-12-10 10:43:10.325487
Single Malt,Speyside,2018-12-10 10:43:10.325487
Single Malt,Springbank,2018-12-10 10:43:10.325487
Single Malt,St Magdalene,2018-12-10 10:43:10.325487
Single Malt,Strathisla,2018-12-10 10:43:10.325487
Single Malt,Strathmill ,2018-12-10 10:43:10.325487
Single Malt,Stronachie (Benrinnes),2018-12-10 10:43:10.325487
Single Malt,Talisker,2018-12-10 10:43:10.325487
Single Malt,Tamdhu,2018-12-10 10:43:10.325487
Single Malt,Tamnavulin,2018-12-10 10:43:10.325487
Single Malt,Teaninich,2018-12-10 10:43:10.325487
Single Malt,Tobermory,2018-12-10 10:43:10.325487
Single Malt,Tomatin,2018-12-10 10:43:10.325487
Single Malt,Tomintoul,2018-12-10 10:43:10.325487
Single Malt,Tormore,2018-12-10 10:43:10.325487
Single Malt,Tullibardine,2018-12-10 10:43:10.326483
Single Malt,Various,2018-12-10 10:43:10.326483
Single Malt,Wolfburn ,2018-12-10 10:43:10.326483
Blended Malt,Adelphi,2018-12-10 10:43:10.731369
Blended Malt,Angels' Nectar ,2018-12-10 10:43:10.731369
Blended Malt,Berry Bros & Rudd,2018-12-10 10:43:10.731369
Blended Malt,Big Peat,2018-12-10 10:43:10.731369
Blended Malt,Blue Hanger,2018-12-10 10:43:10.731369
Blended Malt,Bowmore,2018-12-10 10:43:10.731369
Blended Malt,Chivas Regal ,2018-12-10 10:43:10.731369
Blended Malt,Cladach,2018-12-10 10:43:10.731369
Blended Malt,Clan Denny,2018-12-10 10:43:10.731369
Blended Malt,Cockburn & Murray,2018-12-10 10:43:10.731369
Blended Malt,Collection Moon,2018-12-10 10:43:10.731369
Blended Malt,Collectivum,2018-12-10 10:43:10.731369
Blended Malt,Compass Box,2018-12-10 10:43:10.731369
Blended Malt,Copper Dog,2018-12-10 10:43:10.731369
Blended Malt,Copper Pot,2018-12-10 10:43:10.731369
Blended Malt,Elements of Islay,2018-12-10 10:43:10.731369
Blended Malt,Epicurean,2018-12-10 10:43:10.731369
Blended Malt,Famous Grouse,2018-12-10 10:43:10.731369
Blended Malt,Glenborrodale,2018-12-10 10:43:10.731369
Blended Malt,Glencoe,2018-12-10 10:43:10.731369
Blended Malt,Highland Harvest,2018-12-10 10:43:10.731369
Blended Malt,Highland Journey,2018-12-10 10:43:10.731369
Blended Malt,Johnnie Walker ,2018-12-10 10:43:10.731369
Blended Malt,Monkey Shoulder,2018-12-10 10:43:10.731369
Blended Malt,Mossburn ,2018-12-10 10:43:10.731369
Blended Malt,Old Perth,2018-12-10 10:43:10.731369
Blended Malt,Peat Chimney,2018-12-10 10:43:10.731369
Blended Malt,Peat Reekers,2018-12-10 10:43:10.731369
Blended Malt,Poit Dhubh,2018-12-10 10:43:10.731369
Blended Malt,Rock Oyster,2018-12-10 10:43:10.731369
Blended Malt,Sandy Macdonald,2018-12-10 10:43:10.731369
Blended Malt,Scallywag,2018-12-10 10:43:10.731369
Blended Malt,Serendipity,2018-12-10 10:43:10.731369
Blended Malt,Shackleton,2018-12-10 10:43:10.731369
Blended Malt,Shackleton's,2018-12-10 10:43:10.731369
Blended Malt,Sheep Dip,2018-12-10 10:43:10.731369
Blended Malt,Spice King,2018-12-10 10:43:10.731369
Blended Malt,Steel Bonnets,2018-12-10 10:43:10.731369
Blended Malt,Strathconon,2018-12-10 10:43:10.731369
Blended Malt,The Exceptional ,2018-12-10 10:43:10.731369
Blended Malt,The Feathery ,2018-12-10 10:43:10.731369
Blended Malt,The Gauldrons,2018-12-10 10:43:10.731369
Blended Malt,The Hive,2018-12-10 10:43:10.731369
Blended Malt,The Islay Boys,2018-12-10 10:43:10.731369
Blended Malt,Timorous Beastie,2018-12-10 10:43:10.731369
Blended Malt,Various,2018-12-10 10:43:10.731369
Blended Malt,Wemyss,2018-12-10 10:43:10.731369
Blended Malt,William Grant,2018-12-10 10:43:10.731369
Blended Malt,Williamson,2018-12-10 10:43:10.731369
Grain,Caledonian,2018-12-10 10:43:11.131825
Grain,Cambus,2018-12-10 10:43:11.131825
Grain,Cameron Brig (Cameronbridge),2018-12-10 10:43:11.131825
Grain,Carsebridge,2018-12-10 10:43:11.131825
Grain,Compass Box,2018-12-10 10:43:11.131825
Grain,Dumbarton ,2018-12-10 10:43:11.131825
Grain,Garnheath ,2018-12-10 10:43:11.131825
Grain,Girvan,2018-12-10 10:43:11.131825
Grain,Haig Club ,2018-12-10 10:43:11.131825
Grain,Invergordon,2018-12-10 10:43:11.131825
Grain,Loch Lomond,2018-12-10 10:43:11.131825
Grain,North British,2018-12-10 10:43:11.131825
Grain,North British Distillery,2018-12-10 10:43:11.131825
Grain,North of Scotland,2018-12-10 10:43:11.131825
Grain,Port Dundas,2018-12-10 10:43:11.131825
Grain,Strathclyde,2018-12-10 10:43:11.131825
Grain,Strathcolm,2018-12-10 10:43:11.131825
Grain,The Exceptional,2018-12-10 10:43:11.131825
Grain,Tweeddale,2018-12-10 10:43:11.131825
Blended,Alex Ferguson,2018-12-10 10:43:12.379086
Blended,Antiquary,2018-12-10 10:43:12.379086
Blended,Auld Alliance,2018-12-10 10:43:12.379086
Blended,Ballantines,2018-12-10 10:43:12.379086
Blended,Bank Note,2018-12-10 10:43:12.379086
Blended,Bells,2018-12-10 10:43:12.379086
Blended,Berry Bros & Rudd,2018-12-10 10:43:12.379086
Blended,Black & White,2018-12-10 10:43:12.379086
Blended,Black Bottle,2018-12-10 10:43:12.379086
Blended,Buchanan's,2018-12-10 10:43:12.379086
Blended,Bulloch Lade,2018-12-10 10:43:12.379086
Blended,Cadenhead,2018-12-10 10:43:12.379086
Blended,Carlton,2018-12-10 10:43:12.379086
Blended,Catto's,2018-12-10 10:43:12.379086
Blended,Chivas,2018-12-10 10:43:12.379086
Blended,Chivas Regal ,2018-12-10 10:43:12.379086
Blended,Churtons,2018-12-10 10:43:12.379086
Blended,Cluny ,2018-12-10 10:43:12.379086
Blended,Compass Box ,2018-12-10 10:43:12.379086
Blended,Craig Athol,2018-12-10 10:43:12.379086
Blended,Cutty Sark,2018-12-10 10:43:12.379086
Blended,Dan Macfarlane's,2018-12-10 10:43:12.379086
Blended,Dawson's,2018-12-10 10:43:12.379086
Blended,Dew of Ben Nevis,2018-12-10 10:43:12.379086
Blended,Dewars ,2018-12-10 10:43:12.379086
Blended,Dimple,2018-12-10 10:43:12.379086
Blended,EH 10,2018-12-10 10:43:12.379086
Blended,Famous Grouse,2018-12-10 10:43:12.379086
Blended,Findlater's,2018-12-10 10:43:12.379086
Blended,Fleet Street,2018-12-10 10:43:12.379086
Blended,Georgetown,2018-12-10 10:43:12.379086
Blended,Gilbey's,2018-12-10 10:43:12.379086
Blended,Glamis Castle,2018-12-10 10:43:12.379086
Blended,Glen Grigor ,2018-12-10 10:43:12.379086
Blended,Glenrosa,2018-12-10 10:43:12.379086
Blended,Grant's,2018-12-10 10:43:12.379086
Blended,Great King Street,2018-12-10 10:43:12.379086
Blended,Haig ,2018-12-10 10:43:12.379086
Blended,Hankey Bannister,2018-12-10 10:43:12.379086
Blended,Harrods,2018-12-10 10:43:12.379086
Blended,Harvey's,2018-12-10 10:43:12.379086
Blended,Hazelwood,2018-12-10 10:43:12.379086
Blended,Heather Dew ,2018-12-10 10:43:12.379086
Blended,Highland Nectar,2018-12-10 10:43:12.379086
Blended,Highland Queen,2018-12-10 10:43:12.379086
Blended,Howard MacLaren,2018-12-10 10:43:12.379086
Blended,Huntly,2018-12-10 10:43:12.379086
Blended,Huntly Royal,2018-12-10 10:43:12.379086
Blended,Inver House,2018-12-10 10:43:12.379086
Blended,Islay Mist,2018-12-10 10:43:12.379086
Blended,Isle of Skye,2018-12-10 10:43:12.379086
Blended,J&B,2018-12-10 10:43:12.379086
Blended,James Martin,2018-12-10 10:43:12.379086
Blended,Johnnie Walker,2018-12-10 10:43:12.379086
Blended,King George IV,2018-12-10 10:43:12.379086
Blended,Last Drop,2018-12-10 10:43:12.379086
Blended,Long John,2018-12-10 10:43:12.379086
Blended,Lord Elcho,2018-12-10 10:43:12.379086
Blended,Mackinlay's,2018-12-10 10:43:12.379086
Blended,MacNaMara,2018-12-10 10:43:12.379086
Blended,Masam,2018-12-10 10:43:12.379086
Blended,McCallum's,2018-12-10 10:43:12.379086
Blended,Mitchells & Butlers,2018-12-10 10:43:12.379086
Blended,Nevis Dew,2018-12-10 10:43:12.379086
Blended,Nomad,2018-12-10 10:43:12.379086
Blended,North British,2018-12-10 10:43:12.379086
Blended,Old Mull,2018-12-10 10:43:12.379086
Blended,Old Parr,2018-12-10 10:43:12.379086
Blended,Old Ship,2018-12-10 10:43:12.379086
Blended,Old Smuggler,2018-12-10 10:43:12.379086
Blended,Old St Andrews,2018-12-10 10:43:12.379086
Blended,Orbital ,2018-12-10 10:43:12.379086
Blended,Pig's Nose,2018-12-10 10:43:12.379086
Blended,Premiers,2018-12-10 10:43:12.379086
Blended,Pure Scot ,2018-12-10 10:43:12.379086
Blended,Putachieside,2018-12-10 10:43:12.379086
Blended,Queen Anne,2018-12-10 10:43:12.379086
Blended,Real Mackenzie,2018-12-10 10:43:12.379086
Blended,Robbie Burns,2018-12-10 10:43:12.379086
Blended,Robert Burns (Arran),2018-12-10 10:43:12.379086
Blended,Royal Salute,2018-12-10 10:43:12.379086
Blended,Sample Room,2018-12-10 10:43:12.379086
Blended,Sanderson's,2018-12-10 10:43:12.379086
Blended,Sandy Macdonald,2018-12-10 10:43:12.379086
Blended,Scots Bard,2018-12-10 10:43:12.379086
Blended,Seagram,2018-12-10 10:43:12.379086
Blended,Something Special,2018-12-10 10:43:12.379086
Blended,Spica,2018-12-10 10:43:12.379086
Blended,Stewart's,2018-12-10 10:43:12.379086
Blended,Teacher's,2018-12-10 10:43:12.379086
Blended,The Gordon Highlander ,2018-12-10 10:43:12.379086
Blended,The Islay Boys,2018-12-10 10:43:12.379086
Blended,The Junior,2018-12-10 10:43:12.379086
Blended,The Woodsman ,2018-12-10 10:43:12.379086
Blended,Uam Var,2018-12-10 10:43:12.379086
Blended,Vat 69,2018-12-10 10:43:12.379086
Blended,White Horse ,2018-12-10 10:43:12.380084
Blended,Whyte & Mackay,2018-12-10 10:43:12.380084
Blended,William Grant,2018-12-10 10:43:12.380084
Blended,Wright & Greigs,2018-12-10 10:43:12.380084
Blended,Ye Olde Drury,2018-12-10 10:43:12.380084
Irish,A Drop of the Irish,2018-12-10 10:43:12.835661
Irish,Bushmills,2018-12-10 10:43:12.835661
Irish,Clontarf,2018-12-10 10:43:12.835661
Irish,Connemara,2018-12-10 10:43:12.835661
Irish,Dingle,2018-12-10 10:43:12.835661
Irish,Dublin Liberties,2018-12-10 10:43:12.835661
Irish,Dubliner ,2018-12-10 10:43:12.835661
Irish,Dunphy's,2018-12-10 10:43:12.835661
Irish,Dunville,2018-12-10 10:43:12.835661
Irish,Gelston's,2018-12-10 10:43:12.835661
Irish,Glendalough,2018-12-10 10:43:12.835661
Irish,Green Spot,2018-12-10 10:43:12.835661
Irish,Ha'Penny,2018-12-10 10:43:12.835661
Irish,Hyde,2018-12-10 10:43:12.835661
Irish,Jameson,2018-12-10 10:43:12.835661
Irish,Jane Doe,2018-12-10 10:43:12.835661
Irish,JJ Corry ,2018-12-10 10:43:12.835661
Irish,John Doe,2018-12-10 10:43:12.835661
Irish,John Jameson,2018-12-10 10:43:12.835661
Irish,Kilbeggan,2018-12-10 10:43:12.835661
Irish,Kinahan's ,2018-12-10 10:43:12.835661
Irish,Knappogue Castle ,2018-12-10 10:43:12.835661
Irish,Method and Madness,2018-12-10 10:43:12.835661
Irish,Midleton,2018-12-10 10:43:12.835661
Irish,Nectar of the Daily Drams,2018-12-10 10:43:12.835661
Irish,Old Comber,2018-12-10 10:43:12.835661
Irish,Paddy,2018-12-10 10:43:12.835661
Irish,Pearse,2018-12-10 10:43:12.835661
Irish,Pogues,2018-12-10 10:43:12.835661
Irish,Powers,2018-12-10 10:43:12.835661
Irish,Redbreast,2018-12-10 10:43:12.835661
Irish,Roe & Co,2018-12-10 10:43:12.835661
Irish,Silkie,2018-12-10 10:43:12.835661
Irish,Slane,2018-12-10 10:43:12.835661
Irish,Teeling,2018-12-10 10:43:12.835661
Irish,That Boutique-y Whisky Company,2018-12-10 10:43:12.835661
Irish,The Dead Rabbit ,2018-12-10 10:43:12.835661
Irish,The Irishman,2018-12-10 10:43:12.835661
Irish,The Whisky Agency ,2018-12-10 10:43:12.835661
Irish,Tullamore Dew,2018-12-10 10:43:12.835661
Irish,Tyrconnell,2018-12-10 10:43:12.835661
Irish,Various,2018-12-10 10:43:12.835661
Irish,Writers Tears ,2018-12-10 10:43:12.835661
Irish,Yellow Spot,2018-12-10 10:43:12.835661
Japanese,Caledonian,2018-12-10 10:43:14.039665
Japanese,Cambus,2018-12-10 10:43:14.040656
Japanese,Cameron Brig (Cameronbridge),2018-12-10 10:43:14.040656
Japanese,Carsebridge,2018-12-10 10:43:14.040656
Japanese,Compass Box,2018-12-10 10:43:14.040656
Japanese,Dumbarton ,2018-12-10 10:43:14.040656
Japanese,Garnheath ,2018-12-10 10:43:14.040656
Japanese,Girvan,2018-12-10 10:43:14.040656
Japanese,Haig Club ,2018-12-10 10:43:14.040656
Japanese,Invergordon,2018-12-10 10:43:14.040656
Japanese,Loch Lomond,2018-12-10 10:43:14.040656
Japanese,North British,2018-12-10 10:43:14.040656
Japanese,North British Distillery,2018-12-10 10:43:14.040656
Japanese,North of Scotland,2018-12-10 10:43:14.040656
Japanese,Port Dundas,2018-12-10 10:43:14.040656
Japanese,Strathclyde,2018-12-10 10:43:14.040656
Japanese,Strathcolm,2018-12-10 10:43:14.040656
Japanese,The Exceptional,2018-12-10 10:43:14.040656
Japanese,Tweeddale,2018-12-10 10:43:14.040656
Canadian,Alberta Springs,2018-12-10 10:43:14.467514
Canadian,Black Velvet,2018-12-10 10:43:14.467514
Canadian,Canadian Club ,2018-12-10 10:43:14.467514
Canadian,Crown Royal,2018-12-10 10:43:14.467514
Canadian,Dillons,2018-12-10 10:43:14.467514
Canadian,Forty Creek,2018-12-10 10:43:14.467514
Canadian,Glen Breton,2018-12-10 10:43:14.467514
Canadian,Gooderham & Worts ,2018-12-10 10:43:14.467514
Canadian,JP Wiser's ,2018-12-10 10:43:14.467514
Canadian,Lot 40,2018-12-10 10:43:14.467514
Canadian,Pike Creek,2018-12-10 10:43:14.467514
Canadian,Seagram's,2018-12-10 10:43:14.467514
Canadian,Signal Hill,2018-12-10 10:43:14.467514
Canadian,Stalk & Barrel ,2018-12-10 10:43:14.467514
Canadian,WhistlePig,2018-12-10 10:43:14.467514
Canadian,Wiser's,2018-12-10 10:43:14.467514
American,Balcones,2018-12-10 10:43:14.910270
American,Barrel Hitch,2018-12-10 10:43:14.910270
American,Benchmark,2018-12-10 10:43:14.910270
American,Blanton's,2018-12-10 10:43:14.910270
American,Booker's,2018-12-10 10:43:14.910270
American,Boondocks ,2018-12-10 10:43:14.910270
American,Bootlegger,2018-12-10 10:43:14.910270
American,Bourbon de Luxe,2018-12-10 10:43:14.910270
American,Bower Hill,2018-12-10 10:43:14.910270
American,Breakout,2018-12-10 10:43:14.910270
American,Buffalo Trace,2018-12-10 10:43:14.910270
American,Bulleit,2018-12-10 10:43:14.910270
American,Burnside ,2018-12-10 10:43:14.910270
American,Catoctin Creek ,2018-12-10 10:43:14.910270
American,Charbay,2018-12-10 10:43:14.910270
American,Coldcock,2018-12-10 10:43:14.910270
American,Corner Creek ,2018-12-10 10:43:14.910270
American,Corsair,2018-12-10 10:43:14.910270
American,Crater Lake,2018-12-10 10:43:14.910270
American,Dad's Hat,2018-12-10 10:43:14.910270
American,David Nicholson ,2018-12-10 10:43:14.910270
American,Death's Door,2018-12-10 10:43:14.910270
American,Dry Fly,2018-12-10 10:43:14.910270
American,E H Taylor,2018-12-10 10:43:14.910270
American,Eagle Rare,2018-12-10 10:43:14.910270
American,Early Times,2018-12-10 10:43:14.910270
American,Elijah Craig,2018-12-10 10:43:14.910270
American,Evan Williams ,2018-12-10 10:43:14.910270
American,Ezra Brooks,2018-12-10 10:43:14.910270
American,Federal Club,2018-12-10 10:43:14.910270
American,FEW,2018-12-10 10:43:14.910270
American,Fighting Cock,2018-12-10 10:43:14.910270
American,Firefly ,2018-12-10 10:43:14.910270
American,Four Roses,2018-12-10 10:43:14.910270
American,Franklin ,2018-12-10 10:43:14.910270
American,George Dickel,2018-12-10 10:43:14.910270
American,George T Stagg,2018-12-10 10:43:14.910270
American,Georgia Moon,2018-12-10 10:43:14.910270
American,Hancock's,2018-12-10 10:43:14.910270
American,Heaven Hill,2018-12-10 10:43:14.910270
American,Henebery,2018-12-10 10:43:14.910270
American,Hudson,2018-12-10 10:43:14.910270
American,I W Harper,2018-12-10 10:43:14.910270
American,J W Dant,2018-12-10 10:43:14.910270
American,Jack Daniel's,2018-12-10 10:43:14.910270
American,James E Pepper,2018-12-10 10:43:14.910270
American,Jefferson's,2018-12-10 10:43:14.910270
American,Jim Beam,2018-12-10 10:43:14.910270
American,Johnny Drum,2018-12-10 10:43:14.910270
American,Kentucky Gentleman,2018-12-10 10:43:14.910270
American,Kentucky Old Reserve,2018-12-10 10:43:14.910270
American,Kentucky Vintage,2018-12-10 10:43:14.910270
American,Kings County,2018-12-10 10:43:14.910270
American,Knob Creek,2018-12-10 10:43:14.910270
American,Koval,2018-12-10 10:43:14.910270
American,Larceny,2018-12-10 10:43:14.910270
American,Lost Spirits,2018-12-10 10:43:14.910270
American,Maker's Mark,2018-12-10 10:43:14.910270
American,McCarthy's,2018-12-10 10:43:14.910270
American,Mellow Corn,2018-12-10 10:43:14.910270
American,Michter's,2018-12-10 10:43:14.910270
American,Midnight Moon,2018-12-10 10:43:14.910270
American,New York Distilling,2018-12-10 10:43:14.910270
American,Noah's Mill,2018-12-10 10:43:14.910270
American,Old Bardstown ,2018-12-10 10:43:14.910270
American,Old Crow,2018-12-10 10:43:14.910270
American,Old Fitzgerald,2018-12-10 10:43:14.910270
American,Old Forester,2018-12-10 10:43:14.910270
American,Old Grand-Dad ,2018-12-10 10:43:14.910270
American,Old Potrero,2018-12-10 10:43:14.910270
American,Old Tahoe,2018-12-10 10:43:14.910270
American,Old Timbrook ,2018-12-10 10:43:14.910270
American,Old Weller,2018-12-10 10:43:14.910270
American,Old Williamsburg,2018-12-10 10:43:14.910270
American,Ole Smoky,2018-12-10 10:43:14.910270
American,Parker's,2018-12-10 10:43:14.910270
American,Pikesville,2018-12-10 10:43:14.910270
American,Pine Barrens,2018-12-10 10:43:14.910270
American,Platte Valley,2018-12-10 10:43:14.910270
American,Precinct,2018-12-10 10:43:14.910270
American,Rebel Yell,2018-12-10 10:43:14.910270
American,Redemption,2018-12-10 10:43:14.910270
American,Rittenhouse,2018-12-10 10:43:14.910270
American,Rough Rider ,2018-12-10 10:43:14.910270
American,Roughstock,2018-12-10 10:43:14.910270
American,Rowan's Creek,2018-12-10 10:43:14.910270
American,Sazerac,2018-12-10 10:43:14.910270
American,Schenley,2018-12-10 10:43:14.910270
American,Seagram's,2018-12-10 10:43:14.910270
American,Slaughter House ,2018-12-10 10:43:14.910270
American,Smooth Ambler,2018-12-10 10:43:14.910270
American,Sonoma Distilling Co,2018-12-10 10:43:14.910270
American,St George,2018-12-10 10:43:14.910270
American,Tatoosh,2018-12-10 10:43:14.910270
American,Templeton,2018-12-10 10:43:14.910270
American,Thomas H Handy,2018-12-10 10:43:14.910270
American,Tincup,2018-12-10 10:43:14.910270
American,Tipplesworth,2018-12-10 10:43:14.910270
American,Town Branch,2018-12-10 10:43:14.910270
American,Turning Point,2018-12-10 10:43:14.910270
American,Van Brunt,2018-12-10 10:43:14.910270
American,Various,2018-12-10 10:43:14.910270
American,Virginia Black,2018-12-10 10:43:14.910270
American,W L Weller,2018-12-10 10:43:14.910270
American,War Eagle,2018-12-10 10:43:14.910270
American,Wasmund's,2018-12-10 10:43:14.910270
American,Wathen's,2018-12-10 10:43:14.910270
American,Westland,2018-12-10 10:43:14.910270
American,Whisky Thief,2018-12-10 10:43:14.910270
American,WhistlePig ,2018-12-10 10:43:14.910270
American,Widow Jane ,2018-12-10 10:43:14.910270
American,Wild Turkey,2018-12-10 10:43:14.910270
American,Wildcatter,2018-12-10 10:43:14.910270
American,Willett,2018-12-10 10:43:14.910270
American,Woodford Reserve,2018-12-10 10:43:14.910270
American,Wood's High Mountain,2018-12-10 10:43:14.910270
American,Yellowstone,2018-12-10 10:43:14.910270
World,Adelphi,2018-12-10 10:43:15.318178
World,Adnams,2018-12-10 10:43:15.318178
World,Amrut,2018-12-10 10:43:15.318178
World,Armorik,2018-12-10 10:43:15.318178
World,Bastille ,2018-12-10 10:43:15.318178
World,Belgian Owl ,2018-12-10 10:43:15.318178
World,Box,2018-12-10 10:43:15.318178
World,Brenne,2018-12-10 10:43:15.318178
World,Cotswolds ,2018-12-10 10:43:15.318178
World,Dunedin,2018-12-10 10:43:15.318178
World,English Whisky Co ,2018-12-10 10:43:15.318178
World,Glann ar Mor,2018-12-10 10:43:15.318178
World,Hammer Head,2018-12-10 10:43:15.318178
World,Hellyers Road,2018-12-10 10:43:15.318178
World,Isfjord,2018-12-10 10:43:15.318178
World,Kavalan,2018-12-10 10:43:15.318178
World,Kornog,2018-12-10 10:43:15.318178
World,Langatun,2018-12-10 10:43:15.318178
World,Limeburners,2018-12-10 10:43:15.318178
World,Mackmyra,2018-12-10 10:43:15.318178
World,Mikkeller,2018-12-10 10:43:15.318178
World,Milk & Honey,2018-12-10 10:43:15.318178
World,Millstone,2018-12-10 10:43:15.318178
World,New Zealand ,2018-12-10 10:43:15.318178
World,New Zealand Whisky Company,2018-12-10 10:43:15.318178
World,Nomad,2018-12-10 10:43:15.318178
World,Omar,2018-12-10 10:43:15.318178
World,Orbis,2018-12-10 10:43:15.318178
World,Orbital ,2018-12-10 10:43:15.318178
World,Overeem ,2018-12-10 10:43:15.318178
World,Paul John,2018-12-10 10:43:15.318178
World,Penderyn,2018-12-10 10:43:15.318178
World,Sacred,2018-12-10 10:43:15.318178
World,Smogen,2018-12-10 10:43:15.318178
World,Spirit of Hven,2018-12-10 10:43:15.318178
World,Starward,2018-12-10 10:43:15.318178
World,Stauning,2018-12-10 10:43:15.318178
World,Steel Bonnets,2018-12-10 10:43:15.318178
World,Stork Club,2018-12-10 10:43:15.318178
World,Teerenpeli,2018-12-10 10:43:15.318178
World,The One,2018-12-10 10:43:15.318178
World,Tiger Snake ,2018-12-10 10:43:15.318178
World,Vicomte,2018-12-10 10:43:15.318178
World,Vulson,2018-12-10 10:43:15.318178
